<?xml version="1.0" encoding="UTF-8"?>
<classpath>
	<classpathentry kind="src" path="src"/>
	<classpathentry kind="src" path="gen"/>
	<classpathentry kind="con" path="com.android.ide.eclipse.adt.ANDROID_FRAMEWORK"/>
	<classpathentry exported="true" kind="con" path="com.android.ide.eclipse.adt.LIBRARIES"/>
	<classpathentry exported="true" kind="con" path="com.android.ide.eclipse.adt.DEPENDENCIES"/>
	<classpathentry kind="lib" path="libs/android-support-v4.jar"/>
	<classpathentry exported="true" kind="lib" path="C:/Users/Balabhadrapatruni/Desktop/mysql-connector-java-3.0.17-ga/mysql-connector-java-3.0.17-ga/mysql-connector-java-3.0.17-ga-bin.jar"/>
	<classpathentry kind="output" path="bin/classes"/>
</classpath>
